0,How do I know if my phone is a smart phone?
1,Which is best smartphone in low price?
2,Which is the best smartphone to get in 2020?
3,Why is it called a smart phone?
4,What is the difference between a smartphone and a cell phone?
5,What is a Smartphone definition?
6,Which is the best smartphone in 2020?
7,Is a mobile phone a smart phone?
8,Which mobile is best in low price in Pakistan?
9,What phone should I buy in 2020?
10,What does a smart phone do?
11,Which smartphone is best in low price?
12,What do you mean by smart phone?
13,What can a Smartphone do that a regular phone can t?
